Workbook

Sheet FunctionDrift
B1: Synthetic input | C1: Synthetic formula | F1: Synthetic input | G1: Synthetic formula | J1: Synthetic input | K1: Synthetic formula
B2: 20 | C2: =SUM(B2) | F2: 20 | G2: =SUM(F2) | J2: 20 | K2: =SUM(J2)
B3: 30 | C3: =SUM(B3) | F3: 30 | G3: =SUM(F3) | J3: 30 | K3: =SUM(J3)
B4: 40 | C4: =AVERAGE(B4) | F4: 40 | G4: =MAX(F4) | J4: 40 | K4: =MIN(J4)
B5: 50 | C5: =SUM(B5) | F5: 50 | G5: =SUM(F5) | J5: 50 | K5: =SUM(J5)
B6: 60 | C6: =SUM(B6) | F6: 60 | G6: =SUM(F6) | J6: 60 | K6: =SUM(J6)

Sheet SheetDrift
B1: Synthetic input | C1: Synthetic formula | F1: Synthetic input | G1: Synthetic formula | J1: Synthetic input | K1: Synthetic formula
B2: 20 | C2: =SUM(SourceA!B2) | F2: 20 | G2: =SUM(SourceC!B2) | J2: 20 | K2: =SUM(SourceE!B2)
B3: 30 | C3: =SUM(SourceA!B3) | F3: 30 | G3: =SUM(SourceC!B3) | J3: 30 | K3: =SUM(SourceE!B3)
B4: 40 | C4: =SUM(SourceB!B4) | F4: 40 | G4: =SUM(SourceD!B4) | J4: 40 | K4: =SUM(SourceF!B4)
B5: 50 | C5: =SUM(SourceA!B5) | F5: 50 | G5: =SUM(SourceC!B5) | J5: 50 | K5: =SUM(SourceE!B5)
B6: 60 | C6: =SUM(SourceA!B6) | F6: 60 | G6: =SUM(SourceC!B6) | J6: 60 | K6: =SUM(SourceE!B6)

Sheet RelativeDrift
B1: Synthetic input | C1: Synthetic formula | F1: Synthetic input | G1: Synthetic formula | J1: Synthetic input | K1: Synthetic formula
B2: 20 | C2: =SUM(B2) | F2: 20 | G2: =SUM(F2) | J2: 20 | K2: =SUM(J2)
B3: 30 | C3: =SUM(B3) | F3: 30 | G3: =SUM(F3) | J3: 30 | K3: =SUM(J3)
B4: 40 | C4: =SUM(B3) | F4: 40 | G4: =SUM(F5) | J4: 40 | K4: =SUM(I4)
B5: 50 | C5: =SUM(B5) | F5: 50 | G5: =SUM(F5) | J5: 50 | K5: =SUM(J5)
B6: 60 | C6: =SUM(B6) | F6: 60 | G6: =SUM(F6) | J6: 60 | K6: =SUM(J6)

Sheet AbsoluteDrift
B1: Synthetic input | C1: Synthetic formula | F1: Synthetic input | G1: Synthetic formula | J1: Synthetic input | K1: Synthetic formula
B2: 20 | C2: =SUM($B2) | F2: 20 | G2: =SUM($F2) | J2: 20 | K2: =SUM($J2)
B3: 30 | C3: =SUM($B3) | F3: 30 | G3: =SUM($F3) | J3: 30 | K3: =SUM($J3)
B4: 40 | C4: =SUM(B4) | F4: 40 | G4: =SUM(F4) | J4: 40 | K4: =SUM(J4)
B5: 50 | C5: =SUM($B5) | F5: 50 | G5: =SUM($F5) | J5: 50 | K5: =SUM($J5)
B6: 60 | C6: =SUM($B6) | F6: 60 | G6: =SUM($F6) | J6: 60 | K6: =SUM($J6)

Sheet RangeDrift
B1: Synthetic input | C1: Synthetic formula | F1: Synthetic input | G1: Synthetic formula | J1: Synthetic input | K1: Synthetic formula
B2: 20 | C2: =SUM(B2:D2) | F2: 20 | G2: =SUM(F2:H2) | J2: 20 | K2: =SUM(J2:L2)
B3: 30 | C3: =SUM(B3:D3) | F3: 30 | G3: =SUM(F3:H3) | J3: 30 | K3: =SUM(J3:L3)
B4: 40 | C4: =SUM(B4:C4) | F4: 40 | G4: =SUM(F4:G4) | J4: 40 | K4: =SUM(J4:K4)
B5: 50 | C5: =SUM(B5:D5) | F5: 50 | G5: =SUM(F5:H5) | J5: 50 | K5: =SUM(J5:L5)
B6: 60 | C6: =SUM(B6:D6) | F6: 60 | G6: =SUM(F6:H6) | J6: 60 | K6: =SUM(J6:L6)

Sheet ConstantGaps
B1: Synthetic input | C1: Synthetic formula | F1: Synthetic input | G1: Synthetic formula | J1: Synthetic input | K1: Synthetic formula
B2: 20 | C2: =SUM(B2) | F2: 20 | G2: =SUM(F2) | J2: 20 | K2: =SUM(J2)
B3: 30 | C3: =SUM(B3) | F3: 30 | G3: =SUM(F3) | J3: 30 | K3: =SUM(J3)
B4: 40 | C4: 901 | F4: 40 | G4: 902 | J4: 40 | K4: 903
B5: 50 | C5: =SUM(B5) | F5: 50 | G5: =SUM(F5) | J5: 50 | K5: =SUM(J5)
B6: 60 | C6: =SUM(B6) | F6: 60 | G6: =SUM(F6) | J6: 60 | K6: =SUM(J6)

Sheet BlankGaps
B1: Synthetic input | C1: Synthetic formula | F1: Synthetic input | G1: Synthetic formula | J1: Synthetic input | K1: Synthetic formula
B2: 20 | C2: =SUM(B2) | F2: 20 | G2: =SUM(F2) | J2: 20 | K2: =SUM(J2)
B3: 30 | C3: =SUM(B3) | F3: 30 | G3: =SUM(F3) | J3: 30 | K3: =SUM(J3)
B4: 40 | F4: 40 | J4: 40
B5: 50 | C5: =SUM(B5) | F5: 50 | G5: =SUM(F5) | J5: 50 | K5: =SUM(J5)
B6: 60 | C6: =SUM(B6) | F6: 60 | G6: =SUM(F6) | J6: 60 | K6: =SUM(J6)
